date_time,radiation,temperature,consume,energy_pv,energy_bi,energy_bo,energy_pg
5/1/2023 0:00,1.26,9.17,159.2,0.6768,0,175.6865,0
5/1/2023 1:00,1.27,10.23,159.3,0.679,0,175.795,0
5/1/2023 2:00,1.28,10.05,159.4,0.6849,0,175.8996,0
5/1/2023 3:00,1.27,10.09,159.4,0.6794,0,175.9054,0
5/1/2023 4:00,1.27,10.09,159.4,0.6794,0,175.9054,0
5/1/2023 5:00,1.28,10,159.5,0.685,0,176.0102,0
5/1/2023 6:00,10.81,9.68,148.7,5.7859,0,78.7979,75.8823
5/1/2023 7:00,137.55,10.79,148.7,72.0344,0,0,84.4919
5/1/2023 8:00,460.83,11.99,0,0,218.0559,0,0
5/1/2023 9:00,569.09,12.59,486.2,278.3093,0,218.0559,26.3271
5/1/2023 10:00,493.26,12.73,159.2,167.5789,72.3149,0,0
5/1/2023 11:00,960.82,14.12,109.3,115.0526,308.5978,0,0
5/1/2023 12:00,959.33,13.98,159.9,168.3158,257.7453,0,0
5/1/2023 13:00,620.27,13.89,159.7,168.1053,124.5452,0,0
5/1/2023 14:00,459.67,13.01,161.1,169.5789,55.396,0,0
5/1/2023 15:00,305.45,12.64,167.4,155.0195,0,22.3064,0
5/1/2023 16:00,149.43,11.9,167.4,77.741,0,103.6521,0
5/1/2023 17:00,54.67,11.39,167.5,28.8728,0,155.2031,0
5/1/2023 18:00,2.31,11.06,167.6,1.2303,0,184.4113,0
5/1/2023 19:00,1.27,10.83,167.8,0.6772,0,185.2152,0
5/1/2023 20:00,1.28,10.65,161.7,0.683,0,167.811,10.107
5/1/2023 21:00,1.28,10.65,161,0.683,0,0,168.7906
5/1/2023 22:00,1.27,10.32,160.3,0.6787,0,0,168.0581
5/1/2023 23:00,1.28,10.42,160.3,0.6837,0,0,168.0531
5/2/2023 0:00,1.27,10.21,159.7,0.679,0,0,167.4262
5/2/2023 1:00,1.27,10.56,159.6,0.678,0,0,167.322
5/2/2023 2:00,1.26,9.81,159.5,0.6749,0,0,167.2199
5/2/2023 3:00,1.25,9.49,159.7,0.6705,0,0,167.4348
5/2/2023 4:00,1.26,8.75,159.5,0.678,0,0,167.2167
5/2/2023 5:00,1.24,8.66,159.4,0.6675,0,0,167.122
5/2/2023 6:00,27.02,9.31,159.4,14.4548,0,0,153.3347
5/2/2023 7:00,242.1,11.3,159,124.7122,0,0,42.6562
5/2/2023 8:00,420.41,12.82,158.6,166.9474,40.689,0,0
5/2/2023 9:00,565.54,12.96,163.4,172,99.0118,0,0
5/2/2023 10:00,625.77,13.75,166.4,175.1579,120.3307,0,0
5/2/2023 11:00,783.63,14.07,166.3,175.0526,183.918,0,0
5/2/2023 12:00,732.83,13.94,161.6,170.1053,168.6206,0,0
5/2/2023 13:00,754.75,14.21,165.2,173.8947,173.335,0,0
5/2/2023 14:00,437.71,13.8,160.9,169.3684,45.125,0,0
5/2/2023 15:00,323.55,13.06,163.6,163.4732,0,9.1972,0
5/2/2023 16:00,168.76,12.27,160.7,87.4207,0,86.0391,0
5/2/2023 17:00,53.55,11.9,160.7,28.2214,0,148.3542,0
5/2/2023 18:00,1.7,11.25,161.1,0.9047,0,177.5518,0
5/2/2023 19:00,1.24,11.11,165.1,0.6604,0,182.2412,0
5/2/2023 20:00,1.23,10.88,166.9,0.6557,0,184.2405,0
5/2/2023 21:00,1.23,10.56,167,0.6566,0,43.4063,133.8969
5/2/2023 22:00,1.24,10.56,163,0.662,0,0,170.917
5/2/2023 23:00,1.24,10.42,163,0.6624,0,0,170.9166
5/3/2023 0:00,1.25,10,159.8,0.669,0,0,167.5416
5/3/2023 1:00,1.23,9.86,160,0.6587,0,0,167.7624
5/3/2023 2:00,1.24,9.26,160.2,0.6658,0,0,167.9658
5/3/2023 3:00,1.22,8.38,160.1,0.6575,0,0,167.8688
5/3/2023 4:00,1.23,8.98,160.2,0.6612,0,0,167.9704
5/3/2023 5:00,1.22,8.94,160.2,0.6559,0,0,167.9756
5/3/2023 6:00,25.61,9.12,157.3,13.7145,0,0,151.8645
5/3/2023 7:00,173.76,10.23,159.4,90.7825,0,0,77.0069
5/3/2023 8:00,287.83,11.92,164.9,146.9217,0,0,26.6573
5/3/2023 9:00,395.99,12.96,166.8,175.5789,21.437,0,0
5/3/2023 10:00,492.32,12.92,166.3,175.0526,64.5958,0,0
5/3/2023 11:00,305.56,12.31,161.3,155.3099,0,15.2417,0
5/3/2023 12:00,379.75,12.41,161.2,169.6842,20.1965,0,0
5/3/2023 13:00,338.23,12.22,161.1,169.5789,1.5475,0,0
5/3/2023 14:00,172.27,11.94,161.1,89.3299,0,84.4727,0
5/3/2023 15:00,189.14,11.67,161,97.9728,0,8.0625,63.8415
5/3/2023 16:00,131.19,11.71,160.9,68.4789,0,0,100.8895
5/3/2023 17:00,41.92,11.25,161.1,22.1907,0,0,147.3883
5/3/2023 18:00,1.82,11.11,162.5,0.9692,0,0,170.0835
5/3/2023 19:00,1.25,11.11,166.7,0.6657,0,0,174.808
5/3/2023 20:00,1.25,11.11,166.9,0.6657,0,0,175.0185
5/3/2023 21:00,1.28,10.93,166.9,0.6822,0,0,175.002
5/3/2023 22:00,1.27,10.56,166.3,0.678,0,0,174.3746
5/3/2023 23:00,1.25,10.79,166.3,0.6666,0,0,174.386
5/4/2023 0:00,1.26,11.11,159.6,0.671,0,0,167.329
5/4/2023 1:00,1.24,10.14,159.2,0.6632,0,0,166.9158
5/4/2023 2:00,1.23,10.05,156.6,0.6581,0,0,164.184
5/4/2023 3:00,1.23,9.91,159.6,0.6585,0,0,167.3415
5/4/2023 4:00,1.23,9.68,159.6,0.6592,0,0,167.3408
5/4/2023 5:00,1.23,9.44,160,0.6599,0,0,167.7612
5/4/2023 6:00,15.31,9.44,159.5,8.1983,0,0,159.6964
5/4/2023 7:00,106.57,10.46,162.3,56.1257,0,0,114.7164
5/4/2023 8:00,200.69,11.25,166.3,103.9903,0,0,71.0623
5/4/2023 9:00,417.19,12.45,162.9,171.4737,35.2972,0,0
5/4/2023 10:00,458.92,13.47,160.8,169.2632,54.8945,0,0
5/4/2023 11:00,200.06,12.92,160.7,102.8876,0,69.7582,0
5/4/2023 12:00,446.71,13.33,160.6,169.0526,49.8607,0,0
5/4/2023 13:00,225.13,13.06,160.5,115.3087,0,56.4617,0
5/4/2023 14:00,231.92,13.01,160.2,118.7027,0,13.8324,36.788
5/4/2023 15:00,103.85,12.55,160.2,54.2031,0,0,114.4285
5/4/2023 16:00,127.52,12.36,160.3,66.4014,0,0,102.3354
5/4/2023 17:00,104.15,12.87,160.1,54.2791,0,0,114.2472
5/4/2023 18:00,3.53,11.99,160.1,1.872,0,0,166.6543
5/4/2023 19:00,1.25,11.3,160.1,0.6651,0,0,167.8612
5/4/2023 20:00,1.23,10.74,160.1,0.6561,0,0,167.8702
5/4/2023 21:00,1.23,10.42,160.3,0.657,0,0,168.0798
5/4/2023 22:00,1.23,10.09,155.9,0.658,0,0,163.4473
5/4/2023 23:00,1.22,10.09,155.9,0.6526,0,0,163.4526
5/5/2023 0:00,1.24,10.07,158.7,0.6634,0,0,166.3892
5/5/2023 1:00,1.24,10.23,157.5,0.6629,0,0,165.1265
5/5/2023 2:00,1.23,9.68,157.6,0.6592,0,0,165.2356
5/5/2023 3:00,1.23,9.86,158.1,0.6587,0,0,165.7624
5/5/2023 4:00,1.23,9.44,158.3,0.6599,0,0,165.9717
5/5/2023 5:00,1.24,8.89,158.6,0.6668,0,0,166.2805
5/5/2023 6:00,10.98,8.98,158.2,5.8949,0,0,160.6315
5/5/2023 7:00,174.99,10.93,155,91.1221,0,0,72.0358
5/5/2023 8:00,346.21,12.78,163.2,171.7895,2.667,0,0
5/5/2023 9:00,382.2,12.78,157.9,166.2105,24.2884,0,0
5/5/2023 10:00,444.41,12.82,157.8,166.1053,52.1515,0,0
5/5/2023 11:00,696.92,13.52,157.6,165.8947,158.7688,0,0
5/5/2023 12:00,467.78,13.75,163.3,171.8947,55.9887,0,0
5/5/2023 13:00,482.17,13.61,162.2,170.7368,63.5206,0,0
5/5/2023 14:00,177.86,13.1,160,91.6736,0,80.7867,0
5/5/2023 15:00,178.66,12.73,160,92.2313,0,80.1998,0
5/5/2023 16:00,187.75,12.59,160.1,96.8653,0,75.4326,0
5/5/2023 17:00,92.84,13.18,160.2,48.3912,0,120.9659,5.3228
5/5/2023 18:00,3.65,12.08,159.2,1.9349,0,0,165.6441
5/5/2023 19:00,1.24,11.16,153,0.6602,0,0,160.3924
5/5/2023 20:00,1.25,10.69,153.6,0.6669,0,0,161.0173
5/5/2023 21:00,1.24,10.51,153.9,0.6621,0,0,161.3379
5/5/2023 22:00,1.25,10.42,156.7,0.6677,0,0,164.2796
5/5/2023 23:00,1.24,10.42,156.7,0.6624,0,0,164.285
5/6/2023 0:00,1.23,10.21,159.8,0.6576,0,0,167.5529
5/6/2023 1:00,1.23,9.12,159.4,0.6608,0,0,167.1287
5/6/2023 2:00,1.23,9.21,159,0.6605,0,0,166.7079
5/6/2023 3:00,1.23,8.75,159.1,0.6619,0,0,166.8118
5/6/2023 4:00,1.23,8.8,159.1,0.6617,0,0,166.812
5/6/2023 5:00,1.22,8.33,159.4,0.6577,0,0,167.1318
5/6/2023 6:00,35.04,7.96,159.4,18.8366,0,0,148.9529
5/6/2023 7:00,144.12,9.44,159.3,75.8656,0,0,91.8186
5/6/2023 8:00,335.3,12.22,159.2,167.5789,2.1043,0,0
5/6/2023 9:00,626.51,13.75,160.5,168.9474,126.5388,0,0
5/6/2023 10:00,818.02,14.58,166.1,174.8421,196.672,0,0
5/6/2023 11:00,406.44,14.77,161.5,170,29.7776,0,0
5/6/2023 12:00,272.41,14.95,161.3,137.407,0,34.0868,0
5/6/2023 13:00,351.87,14.81,161.4,169.8947,5.4507,0,0
5/6/2023 14:00,154.03,13.61,161.4,79.4652,0,95.189,0
5/6/2023 15:00,62.75,12.5,161.6,32.9407,0,144.3838,0
5/6/2023 16:00,56.03,12.18,161.4,29.4817,0,86.8839,57.8733
5/6/2023 17:00,49.59,12.22,161.4,26.111,0,0,143.7838
5/6/2023 18:00,3.24,11.53,161.4,1.7218,0,0,168.1729
5/6/2023 19:00,1.23,10.97,161.6,0.6554,0,0,169.4498
5/6/2023 20:00,1.23,10.56,156.1,0.6566,0,0,163.6592
5/6/2023 21:00,1.23,10,154.4,0.6583,0,0,161.8681
5/6/2023 22:00,1.23,9.77,154.7,0.6589,0,0,162.1832
5/6/2023 23:00,1.23,9.58,154.7,0.6595,0,0,162.1826
5/7/2023 0:00,1.22,8.47,160.1,0.6573,0,0,167.869
5/7/2023 1:00,1.22,7.92,160,0.6589,0,0,167.7622
5/7/2023 2:00,1.22,7.69,160.4,0.6595,0,0,168.1826
5/7/2023 3:00,1.22,7.78,159.6,0.6593,0,0,167.3407
5/7/2023 4:00,1.22,7.41,159.8,0.6603,0,0,167.5502
5/7/2023 5:00,1.22,7.22,159.9,0.6609,0,0,167.6549
5/7/2023 6:00,11.31,7.31,159.7,6.1162,0,0,161.9891
5/7/2023 7:00,220.76,9.44,159.6,115.0165,0,0,52.9835
5/7/2023 8:00,529.68,13.52,159.7,168.1053,86.6827,0,0
5/7/2023 9:00,736.16,13.61,159.4,167.7895,172.6993,0,0
5/7/2023 10:00,747.87,14.44,163.5,172.1053,171.9097,0,0
5/7/2023 11:00,683.37,14.91,167.3,176.1053,141.4173,0,0
5/7/2023 12:00,693.61,15.56,162.5,171.0526,149.3611,0,0
5/7/2023 13:00,333.13,15.09,161.9,166.4993,0,4.1281,0
5/7/2023 14:00,144.22,13.8,161.5,74.4395,0,100.59,0
5/7/2023 15:00,88.65,12.78,161.6,46.3167,0,130.3037,0
5/7/2023 16:00,29.7,11.99,161.7,15.6958,0,162.647,0
5/7/2023 17:00,30.49,10.74,161.7,16.2012,0,162.1151,0
5/7/2023 18:00,1.65,10.97,161.7,0.8792,0,162.2862,15.1595
5/7/2023 19:00,1.24,10.56,161.6,0.662,0,0,169.4433
5/7/2023 20:00,1.24,10.69,156.7,0.6616,0,0,164.2858
5/7/2023 21:00,1.23,9.63,159.7,0.6593,0,0,167.4459
5/7/2023 22:00,1.23,9.44,159.9,0.6599,0,0,167.6559
5/7/2023 23:00,1.23,9.31,159.9,0.6602,0,0,167.6555
5/8/2023 0:00,1.23,9.17,160.6,0.6606,0,0,168.392
5/8/2023 1:00,1.25,8.84,160.4,0.6724,0,0,168.1697
5/8/2023 2:00,1.23,8.33,160,0.6631,0,0,167.758
5/8/2023 3:00,1.24,8.43,159.9,0.6682,0,0,167.6476
5/8/2023 4:00,1.25,8.38,159.7,0.6737,0,0,167.4316
5/8/2023 5:00,1.24,8.15,159.8,0.669,0,0,167.5415
5/8/2023 6:00,21.26,8.24,159.6,11.4355,0,0,156.5645
5/8/2023 7:00,126.61,9.26,159.3,66.8581,0,0,100.8262
5/8/2023 8:00,327.73,12.37,160.1,166.02,0,0,2.5063
5/8/2023 9:00,749.87,15.37,166.5,175.2632,168.1493,0,0
5/8/2023 10:00,872.04,15.97,166.6,175.3684,214.2675,0,0
5/8/2023 11:00,831.77,16.25,166.6,175.3684,198.4028,0,0
5/8/2023 12:00,955.92,16.99,166.5,175.2632,243.4555,0,0
5/8/2023 13:00,557.69,17.08,166.2,174.9474,87.7331,0,0
5/8/2023 14:00,407.48,16.3,166.3,175.0526,24.0469,0,0
5/8/2023 15:00,327.06,15.97,166.1,162.9291,0,12.54,0
5/8/2023 16:00,66.27,14.31,166.1,34.4902,0,147.7389,0
5/8/2023 17:00,42.36,13.75,166,22.1734,0,160.5931,0
5/8/2023 18:00,2.88,12.96,166.4,1.5209,0,182.7758,0
5/8/2023 19:00,1.25,11.71,166.5,0.6639,0,183.7887,0
5/8/2023 20:00,1.24,10.88,166.6,0.661,0,183.9025,0
5/8/2023 21:00,1.24,10.37,166.9,0.6625,0,64.716,113.5415
5/8/2023 22:00,1.26,10,166.7,0.6743,0,0,174.7994
5/8/2023 23:00,1.25,10.09,166.7,0.6687,0,0,174.805
5/9/2023 0:00,1.26,10,159.3,0.6743,0,0,167.0099
5/9/2023 1:00,1.24,9.95,159.4,0.6637,0,0,167.1257
5/9/2023 2:00,1.22,9.17,159.9,0.6553,0,0,167.6605
5/9/2023 3:00,1.24,8.89,160.2,0.6668,0,0,167.9647
5/9/2023 4:00,1.23,8.43,160.4,0.6628,0,0,168.1793
5/9/2023 5:00,1.23,8.28,159.8,0.6632,0,0,167.5473
5/9/2023 6:00,11.45,8.56,159.8,6.1581,0,0,162.0524
5/9/2023 7:00,217.15,10.79,159.6,112.502,0,0,55.498
5/9/2023 8:00,521.16,15,159.2,167.5789,81.795,0,0
5/9/2023 9:00,745.64,16.39,167,175.7895,164.2749,0,0
5/9/2023 10:00,889.62,17.87,165.8,174.5263,217.9246,0,0
5/9/2023 11:00,980.45,18.29,161.9,170.4211,254.1191,0,0
5/9/2023 12:00,1053.05,18.13,159,167.3684,283.0801,0,0
5/9/2023 13:00,844.45,17.41,167.3,176.1053,132.8063,0,0
5/9/2023 14:00,632.89,17.36,161.6,170.1053,0,0,0
5/9/2023 15:00,473.49,16.62,161.4,169.8947,0,0,0
5/9/2023 16:00,340.1,15.79,161.4,169.2564,0,0.672,0
5/9/2023 17:00,86.71,14.95,161.3,44.8728,0,131.4912,0
5/9/2023 18:00,1.97,12.5,161.5,1.0426,0,177.8499,0
5/9/2023 19:00,1.24,10.56,161.7,0.662,0,178.4722,0
5/9/2023 20:00,1.24,10,158.1,0.6636,0,174.4815,0
5/9/2023 21:00,1.24,9.77,154.2,0.6643,0,170.1595,0
5/9/2023 22:00,1.23,10.09,154.6,0.658,0,170.6093,0
5/9/2023 23:00,1.24,10.05,154.6,0.6635,0,130.2644,38.3222
5/10/2023 0:00,1.24,8.97,153.7,0.6666,0,0,161.1229
5/10/2023 1:00,1.24,9.44,153.7,0.6652,0,0,161.1242
5/10/2023 2:00,1.24,9.6,153.7,0.6648,0,0,161.1247
5/10/2023 3:00,1.24,8.54,153.7,0.6679,0,0,161.1216
5/10/2023 4:00,1.23,8.33,153.6,0.6631,0,0,161.0211
5/10/2023 5:00,1.22,8.15,153.9,0.6582,0,0,161.3418
5/10/2023 6:00,10.35,8.29,154,5.5739,0,0,156.5314
5/10/2023 7:00,219.11,10.79,153.8,113.4872,0,0,48.4075
5/10/2023 8:00,528.54,14.86,153.4,161.4737,90.9116,0,0
5/10/2023 9:00,741.03,16.39,160.3,168.7368,169.1555,0,0
5/10/2023 10:00,875.51,16.81,161.5,170,219.0377,0,0
5/10/2023 11:00,1017.84,17.08,161.4,169.8947,270.6849,0,0
5/10/2023 12:00,1017.58,17.13,161.5,170,270.3786,0,0
5/10/2023 13:00,929.66,17.31,161.4,169.8947,113.8317,0,0
5/10/2023 14:00,803.14,17.12,161.4,169.8947,0,0,0
5/10/2023 15:00,607.98,16.71,161.4,169.8947,0,0,0
5/10/2023 16:00,368.67,15.79,161.3,169.7895,0,0,0
5/10/2023 17:00,87.93,15.14,161.4,45.4573,0,130.9867,0
5/10/2023 18:00,2.17,12.92,161.5,1.1463,0,177.7408,0
5/10/2023 19:00,1.25,11.57,161.7,0.6643,0,178.4697,0
5/10/2023 20:00,1.24,10.28,161.7,0.6628,0,178.4713,0
5/10/2023 21:00,1.23,9.31,161.9,0.6602,0,178.6956,0
5/10/2023 22:00,1.23,9.81,160.9,0.6588,0,177.5891,0
5/10/2023 23:00,1.24,9.72,160.9,0.6644,0,112.0469,62.2595
5/11/2023 0:00,1.24,10.62,154.6,0.6618,0,0,162.075
5/11/2023 1:00,1.23,11.11,154.1,0.655,0,0,161.5555
5/11/2023 2:00,1.25,11.11,154.1,0.6657,0,0,161.5448
5/11/2023 3:00,1.24,11.02,154.2,0.6606,0,0,161.6552
5/11/2023 4:00,1.23,10.69,154.2,0.6563,0,0,161.6595
5/11/2023 5:00,1.23,10.6,154.3,0.6565,0,0,161.7645
5/11/2023 6:00,11.9,10,154.3,6.3595,0,0,156.0616
5/11/2023 7:00,225.54,10.83,154.1,116.6942,0,0,45.5164
5/11/2023 8:00,530.76,14.31,153.5,161.5789,92.4105,0,0
5/11/2023 9:00,740.19,14.58,161.2,169.6842,170.9147,0,0
5/11/2023 10:00,891.46,15.05,161.4,169.8947,228.6207,0,0
5/11/2023 11:00,962.92,14.91,161.3,169.7895,255.6774,0,0
5/11/2023 12:00,935.13,15.23,161.1,169.5789,244.9159,0,0
5/11/2023 13:00,946.72,15.56,161.1,169.5789,141.4607,0,0
5/11/2023 14:00,720.26,15.69,160.7,169.1579,0,0,0
5/11/2023 15:00,611.62,15.97,160.7,169.1579,0,0,0
5/11/2023 16:00,350.72,15.93,160.5,168.9474,0,0,0
5/11/2023 17:00,78.16,15.46,160.5,40.4016,0,135.3114,0
5/11/2023 18:00,2.05,13.7,160.5,1.0791,0,176.7034,0
5/11/2023 19:00,1.24,12.04,160.5,0.6577,0,177.1471,0
5/11/2023 20:00,1.24,11.11,160.5,0.6604,0,177.1442,0
5/11/2023 21:00,1.24,10.74,160.5,0.6614,0,177.1431,0
5/11/2023 22:00,1.24,10.56,160.4,0.662,0,177.0317,0
5/11/2023 23:00,1.24,10.56,160.4,0.662,0,113.5192,60.3369
5/12/2023 0:00,1.24,9.88,152.9,0.664,0,0,160.2834
5/12/2023 1:00,1.23,9.26,153,0.6604,0,0,160.3922
5/12/2023 2:00,1.24,8.89,152.9,0.6668,0,0,160.2805
5/12/2023 3:00,1.23,8.43,152.8,0.6628,0,0,160.1793
5/12/2023 4:00,1.23,8.33,154,0.6631,0,0,161.4422
5/12/2023 5:00,1.22,7.69,160.2,0.6595,0,0,167.9721
5/12/2023 6:00,14.85,7.45,160.2,8.0219,0,0,160.6097
5/12/2023 7:00,197.31,10.09,159.8,102.8238,0,0,65.3867
5/12/2023 8:00,388.9,12.78,159.5,167.8947,25.7076,0,0
5/12/2023 9:00,699.86,14.44,159.5,167.8947,156.6282,0,0
5/12/2023 10:00,864.3,15.42,159.3,167.6842,219.6963,0,0
5/12/2023 11:00,768.38,15.46,159.1,167.4737,182.7029,0,0
5/12/2023 12:00,800.23,14.35,159,167.3684,197.247,0,0
5/12/2023 13:00,920.93,15.23,158.7,167.0526,242.0263,0,0
5/12/2023 14:00,826.06,15.56,158.7,167.0526,109.9916,0,0
5/12/2023 15:00,583.83,15.32,158.9,167.2632,0,0,0
5/12/2023 16:00,337.43,14.44,159,167.3684,0,0,0
5/12/2023 17:00,85.02,14.63,158.9,44.0723,0,129.6746,0
5/12/2023 18:00,1.97,13.24,159,1.0392,0,175.0834,0
5/12/2023 19:00,1.25,12.5,155,0.6616,0,171.0487,0
5/12/2023 20:00,1.24,11.67,151.9,0.6587,0,167.6168,0
5/12/2023 21:00,1.24,11.48,152,0.6593,0,167.7271,0
5/12/2023 22:00,1.24,11.25,152.3,0.66,0,168.0588,0
5/12/2023 23:00,1.25,10.69,152.3,0.6669,0,154.7906,12.5978
5/13/2023 0:00,1.24,10.56,152.7,0.662,0,0,160.0749
5/13/2023 1:00,1.24,10,152.4,0.6636,0,0,159.7575
5/13/2023 2:00,1.23,9.12,152,0.6608,0,0,159.3392
5/13/2023 3:00,1.23,8.38,152,0.6629,0,0,159.3371
5/13/2023 4:00,1.22,8.61,152,0.6569,0,0,159.3431
5/13/2023 5:00,1.25,8.89,152.1,0.6722,0,0,159.4331
5/13/2023 6:00,10.57,9.54,152.3,5.6611,0,0,154.6546
5/13/2023 7:00,206.05,12.41,95.5,100.5263,5.3217,0,0
5/13/2023 8:00,531.68,16.06,152.6,160.6316,91.6268,0,0
5/13/2023 9:00,743.55,17.55,152.4,160.4211,176.1248,0,0
5/13/2023 10:00,898.23,18.29,152.5,160.5263,233.5782,0,0
5/13/2023 11:00,989.11,18.33,152.5,160.5263,266.5316,0,0
5/13/2023 12:00,1004,18.06,152.5,160.5263,272.4437,0,0
5/13/2023 13:00,941.2,17.92,152.4,160.4211,88.3731,0,0
5/13/2023 14:00,806.44,17.82,152,160,0,0,0
5/13/2023 15:00,611.83,18.52,151.7,159.6842,0,0,0
5/13/2023 16:00,369.07,18.19,151.7,159.6842,0,0,0
5/13/2023 17:00,89.87,16.87,151.7,46.0826,0,119.5806,0
5/13/2023 18:00,1.91,13.33,152.1,1.0071,0,167.4717,0
5/13/2023 19:00,1.24,11.76,152.4,0.6585,0,168.1711,0
5/13/2023 20:00,1.24,11.16,152.4,0.6602,0,168.1693,0
5/13/2023 21:00,1.24,10.42,152.5,0.6624,0,168.2778,0
5/13/2023 22:00,1.23,10.46,152.5,0.6569,0,168.2836,0
5/13/2023 23:00,1.24,10.56,152.5,0.662,0,168.2783,0
5/14/2023 0:00,1.24,11.11,152.4,0.6604,0,5.7675,154.2815
5/14/2023 1:00,1.24,11.11,152.2,0.6604,0,0,159.5502
5/14/2023 2:00,1.23,10.91,152.3,0.6556,0,0,159.6602
5/14/2023 3:00,1.23,9.65,152.1,0.6593,0,0,159.446
5/14/2023 4:00,1.23,9.81,152,0.6588,0,0,159.3412
5/14/2023 5:00,1.23,9.35,151.8,0.6601,0,0,159.1293
5/14/2023 6:00,10.53,10.32,151.9,5.6204,0,0,154.2743
5/14/2023 7:00,206.59,13.94,151.7,105.6556,0,0,54.0286
5/14/2023 8:00,535.7,15.32,151.3,159.2632,95.5142,0,0
5/14/2023 9:00,745.13,16.48,117.4,123.5789,213.524,0,0
5/14/2023 10:00,898.59,17.27,33,34.7368,355.2575,0,0
5/14/2023 11:00,984.68,16.9,160,168.4211,260.5906,0,0
5/14/2023 12:00,999.31,17.78,159.8,168.2105,209.1137,0,0
5/14/2023 13:00,935.02,17.73,159.8,168.2105,0,0,0
5/14/2023 14:00,801.97,17.78,159.6,168,0,0,0
5/14/2023 15:00,610.25,17.41,159.5,167.8947,0,0,0
5/14/2023 16:00,367.28,16.9,159.7,168.1053,0,0,0
5/14/2023 17:00,81.13,16.62,159.7,41.6987,0,133.0596,0
5/14/2023 18:00,1.85,13.52,159.6,0.9747,0,175.8161,0
5/14/2023 19:00,1.24,11.99,159.9,0.6578,0,176.4821,0
5/14/2023 20:00,1.23,11.2,160,0.6548,0,176.5961,0
5/14/2023 21:00,1.22,10.56,159.4,0.6513,0,175.9349,0
5/14/2023 22:00,1.22,11.2,159.6,0.6495,0,176.1585,0
5/14/2023 23:00,1.23,11.2,159.6,0.6548,0,119.9527,53.3901
5/15/2023 0:00,1.23,10.16,153,0.6578,0,0,160.3948
5/15/2023 1:00,1.21,9.72,152.7,0.6483,0,0,160.0885
5/15/2023 2:00,1.22,9.68,152.9,0.6538,0,0,160.2936
5/15/2023 3:00,1.23,10,152.6,0.6583,0,0,159.9733
5/15/2023 4:00,1.21,10.05,152.1,0.6474,0,0,159.4579
5/15/2023 5:00,1.21,9.91,152,0.6478,0,0,159.3522
5/15/2023 6:00,10.35,9.44,151.8,5.5459,0,0,154.2436
5/15/2023 7:00,204.79,12.73,151.1,105.3433,0,0,53.7093
5/15/2023 8:00,534.87,17.78,156.3,164.5263,87.224,0,0
5/15/2023 9:00,745.66,18.38,158.9,167.2632,169.07,0,0
5/15/2023 10:00,897.8,18.75,159,167.3684,225.9973,0,0
5/15/2023 11:00,988.19,19.09,158.7,167.0526,258.3261,0,0
5/15/2023 12:00,1002.59,20.37,158.6,166.9474,260.6711,0,0
5/15/2023 13:00,937.74,20.61,158.8,167.1579,132.7115,0,0
5/15/2023 14:00,803.43,20.23,158.5,166.8421,0,0,0
5/15/2023 15:00,606.39,19.58,158.3,166.6316,0,0,0
5/15/2023 16:00,362.4,18.75,158.4,166.7368,0,0,0
5/15/2023 17:00,78.09,18.06,158.5,39.8887,0,133.6352,0
5/15/2023 18:00,1.79,15.32,158.5,0.9355,0,174.6385,0
5/15/2023 19:00,1.23,12.78,158.7,0.6502,0,175.1604,0
5/15/2023 20:00,1.23,12.12,158.9,0.6521,0,175.38,0
5/15/2023 21:00,1.23,12.18,159,0.6519,0,175.491,0
5/15/2023 22:00,1.23,12.22,158.9,0.6518,0,175.3803,0
5/15/2023 23:00,1.22,10.79,158.9,0.6506,0,124.3144,48.5138
5/16/2023 0:00,1.22,10.31,158.5,0.652,0,0,166.1901
5/16/2023 1:00,1.21,9.65,156.4,0.6485,0,0,163.983
5/16/2023 2:00,1.22,9.49,153.3,0.6544,0,0,160.7141
5/16/2023 3:00,1.22,9.77,158.4,0.6536,0,0,166.0833
5/16/2023 4:00,1.22,10,158.4,0.6529,0,0,166.0839
5/16/2023 5:00,1.22,9.49,158.3,0.6544,0,0,165.9772
5/16/2023 6:00,25.27,10.09,158.3,13.4754,0,0,153.1562
5/16/2023 7:00,191.59,13.01,158,98.6055,0,0,67.7103
5/16/2023 8:00,398.72,16.82,157.9,166.2105,28.1258,0,0
5/16/2023 9:00,648.67,18.01,155,163.1579,135.0596,0,0
5/16/2023 10:00,798.56,19.12,155.2,163.3684,191.8889,0,0
5/16/2023 11:00,607.07,19.07,157.4,165.6842,114.3125,0,0
5/16/2023 12:00,688.53,19.07,157.2,165.4737,147.2159,0,0
5/16/2023 13:00,947.12,20.05,157.6,165.8947,242.6695,0,0
5/16/2023 14:00,415.63,18.61,162.1,170.6316,29.6837,0,0
5/16/2023 15:00,343.23,17.36,162,169.472,0,1.1098,0
5/16/2023 16:00,210.9,16.9,162.1,106.3287,0,67.6872,0
5/16/2023 17:00,61.08,15.61,157.7,31.6248,0,141.4476,0
5/16/2023 18:00,1.37,13.94,158.1,0.7205,0,174.4217,0
5/16/2023 19:00,1.23,13.24,158.1,0.6489,0,174.497,0
5/16/2023 20:00,1.22,12.78,158.4,0.6449,0,174.8336,0
5/16/2023 21:00,1.24,12.22,158.3,0.6571,0,154.9591,18.7633
5/16/2023 22:00,1.23,11.76,158.8,0.6532,0,0,166.5047
5/16/2023 23:00,1.22,11.44,158.8,0.6488,0,0,166.5091
5/17/2023 0:00,1.22,10.63,158.2,0.6511,0,0,165.8752
5/17/2023 1:00,1.22,10.09,151.4,0.6526,0,0,158.7158
5/17/2023 2:00,1.21,9.12,152.3,0.6501,0,0,159.6657
5/17/2023 3:00,1.21,8.8,160.8,0.651,0,0,168.6122
5/17/2023 4:00,1.19,8.66,157.6,0.6406,0,0,165.2541
5/17/2023 5:00,1.21,8.38,157.3,0.6522,0,0,164.9268
5/17/2023 6:00,9.97,9.03,157.8,5.3522,0,0,160.7531
5/17/2023 7:00,196.8,12.13,157.9,101.6216,0,0,64.5889
5/17/2023 8:00,525.5,16.25,158.3,166.6316,83.0827,0,0
5/17/2023 9:00,735.9,17.41,158.5,166.8421,167.2519,0,0
5/17/2023 10:00,887.59,17.78,158.5,166.8421,224.648,0,0
5/17/2023 11:00,973.81,17.68,158.6,166.9474,256.3609,0,0
5/17/2023 12:00,986.09,17.69,158.5,166.8421,260.8606,0,0
5/17/2023 13:00,917.83,17.13,158.5,166.8421,141.796,0,0
5/17/2023 14:00,785.55,17.73,158.4,166.7368,0,0,0
5/17/2023 15:00,523.33,16.16,158.5,166.8421,0,0,0
5/17/2023 16:00,348.84,15.37,156,164.2105,0,0,0
5/17/2023 17:00,109.17,14.03,158.8,56.5591,0,116.4198,0
5/17/2023 18:00,1.52,12.41,158.6,0.8048,0,174.8869,0
5/17/2023 19:00,1.23,11.81,159.1,0.653,0,175.6007,0
5/17/2023 20:00,1.24,11.76,157.3,0.6585,0,173.6005,0
5/17/2023 21:00,1.23,11.53,157.5,0.6538,0,173.827,0
5/17/2023 22:00,1.23,11.3,157.5,0.6545,0,173.8263,0
5/17/2023 23:00,1.23,11.2,157.5,0.6548,0,145.8388,26.5878
5/18/2023 0:00,1.22,10.97,157.8,0.6501,0,0,165.4551
5/18/2023 1:00,1.22,10.83,157.8,0.6505,0,0,165.4547
5/18/2023 2:00,1.22,10.37,157.7,0.6518,0,0,165.3482
5/18/2023 3:00,1.22,10.65,158,0.651,0,0,165.6648
5/18/2023 4:00,1.24,10.97,158,0.6608,0,0,165.655
5/18/2023 5:00,1.22,10.56,158.2,0.6513,0,0,165.875
5/18/2023 6:00,11.9,10.42,158,6.3477,0,0,159.968
5/18/2023 7:00,143.47,11.62,158,74.795,0,0,91.5208
5/18/2023 8:00,394.02,13.01,158,166.3158,29.3085,0,0
5/18/2023 9:00,718.25,13.94,158.7,167.0526,165.6521,0,0
5/18/2023 10:00,813.85,14.86,164.3,172.9474,196.3413,0,0
5/18/2023 11:00,911.33,14.86,161.4,169.8947,236.4878,0,0
5/18/2023 12:00,924.38,15.19,160.4,168.8421,241.6965,0,0
5/18/2023 13:00,686.38,14.31,160.4,168.8421,150.4582,0,0
5/18/2023 14:00,324.79,13.1,160.4,164.0408,0,5.054,0
5/18/2023 15:00,419.61,13.33,160.2,168.6316,38.2545,0,0
5/18/2023 16:00,306.7,14.26,160.1,154.4592,0,14.8075,0
5/18/2023 17:00,60.9,13.7,160.3,31.8057,0,144.138,0
5/18/2023 18:00,1.69,11.67,160.3,0.8977,0,176.6727,0
5/18/2023 19:00,1.23,10.97,160.4,0.6554,0,177.0386,0
5/18/2023 20:00,1.23,10.65,157.6,0.6564,0,173.9351,0
5/18/2023 21:00,1.22,10.65,160.3,0.651,0,176.9324,0
5/18/2023 22:00,1.21,10.37,158.9,0.6465,0,175.386,0
5/18/2023 23:00,1.22,9.72,158.9,0.6537,0,14.2346,153.0866
5/19/2023 0:00,1.22,9.72,160.1,0.6537,0,0,167.8726
5/19/2023 1:00,1.21,8.43,158.1,0.652,0,0,165.769
5/19/2023 2:00,1.22,7.96,155.8,0.6587,0,0,163.3413
5/19/2023 3:00,1.22,8.52,158.6,0.6571,0,0,166.2902
5/19/2023 4:00,1.21,8.33,158,0.6523,0,0,165.6635
5/19/2023 5:00,1.22,8.89,157,0.6561,0,0,164.6071
5/19/2023 6:00,12.81,9.44,157,6.8618,0,0,158.4013
5/19/2023 7:00,187.1,11.06,157.8,97.2113,0,0,68.894
5/19/2023 8:00,411.48,13.19,162.6,171.1579,32.3621,0,0
5/19/2023 9:00,563.27,13.29,159.2,167.5789,101.8292,0,0
5/19/2023 10:00,696.63,14.54,159.1,167.4737,155.5644,0,0
5/19/2023 11:00,511.25,13.43,158.9,167.2632,79.6437,0,0
5/19/2023 12:00,841.4,13.89,158.6,166.9474,214.5191,0,0
5/19/2023 13:00,549.96,14.58,158.4,166.7368,95.3675,0,0
5/19/2023 14:00,394.49,13.8,158,166.3158,28.8238,0,0
5/19/2023 15:00,112.87,12.5,157.8,58.8524,0,112.8977,0
5/19/2023 16:00,67.47,12.08,157.6,35.4626,0,137.297,0
5/19/2023 17:00,34.63,11.57,157.5,18.3234,0,155.2275,0
5/19/2023 18:00,1.4,11.11,157.5,0.7456,0,173.7304,0
5/19/2023 19:00,1.26,11.11,157.6,0.671,0,128.9571,42.7144
5/19/2023 20:00,1.25,11.02,157.6,0.666,0,0,165.2288
5/19/2023 21:00,1.27,10.56,157.6,0.678,0,0,165.2168
5/19/2023 22:00,1.26,10.56,157.5,0.6726,0,0,165.1168
5/19/2023 23:00,1.26,10.32,157.5,0.6734,0,0,165.1161
5/20/2023 0:00,1.26,10,156.6,0.6743,0,0,164.1678
5/20/2023 1:00,1.27,9.86,156.7,0.6801,0,0,164.2673
5/20/2023 2:00,1.28,9.26,156.4,0.6872,0,0,163.9443
5/20/2023 3:00,1.26,8.38,156.4,0.6791,0,0,163.9525
5/20/2023 4:00,1.24,8.52,155.9,0.6679,0,0,163.4373
5/20/2023 5:00,1.2,7.59,156.2,0.649,0,0,163.7721
5/20/2023 6:00,9.41,6.67,156.3,5.1041,0,0,159.4222
5/20/2023 7:00,176.72,7.96,156,93.2349,0,0,70.9757
5/20/2023 8:00,506.38,10.88,155.4,163.5789,83.9193,0,0
5/20/2023 9:00,718.03,12.08,156.7,164.9474,170.5449,0,0
5/20/2023 10:00,872.57,12.69,162.3,170.8421,225.1575,0,0
5/20/2023 11:00,960.47,13.43,155,163.1579,264.2476,0,0
5/20/2023 12:00,969.67,13.56,162.3,170.8421,260.0845,0,0
5/20/2023 13:00,902.03,13.56,156.8,165.0526,130.0462,0,0
5/20/2023 14:00,769.77,13.33,156.7,164.9474,0,0,0
5/20/2023 15:00,511.82,12.78,156.4,164.6316,0,0,0
5/20/2023 16:00,343.12,11.94,156.2,164.4211,0,0,0
5/20/2023 17:00,72.14,10.05,156,38.2376,0,132.6031,0
5/20/2023 18:00,1.47,7.96,155.9,0.7937,0,171.9069,0
5/20/2023 19:00,1.2,6.9,158.9,0.6509,0,175.3813,0
5/20/2023 20:00,1.21,7.08,161.3,0.6559,0,178.0354,0
5/20/2023 21:00,1.23,7.78,157.3,0.6647,0,173.594,0
5/20/2023 22:00,1.21,7.36,153.4,0.6551,0,169.2828,0
5/20/2023 23:00,1.21,6.76,153.4,0.6568,0,133.1966,34.2802
5/21/2023 0:00,1.2,7.22,153.2,0.65,0,0,160.6131
5/21/2023 1:00,1.21,7.04,159.3,0.656,0,0,167.0282
5/21/2023 2:00,1.22,8.06,153.3,0.6585,0,0,160.71
5/21/2023 3:00,1.21,8.52,153.7,0.6518,0,0,161.1377
5/21/2023 4:00,1.2,7.64,154.1,0.6489,0,0,161.5617
5/21/2023 5:00,1.22,8.84,154.2,0.6562,0,0,161.6596
5/21/2023 6:00,7.67,8.94,154.3,4.1203,0,0,158.3007
5/21/2023 7:00,45.75,8.94,154,24.4541,0,0,137.6512
5/21/2023 8:00,135.14,8.84,153.8,71.4145,0,0,90.4802
5/21/2023 9:00,241.28,9.4,155.4,125.3811,0,0,38.1979
5/21/2023 10:00,290.8,8.52,161.1,150.7003,0,0,18.8787
5/21/2023 11:00,796.89,9.86,160.2,168.6316,202.7263,0,0
5/21/2023 12:00,899.19,10.97,155.6,163.7895,245.5275,0,0
5/21/2023 13:00,928.19,12.04,155.3,163.4737,254.7443,0,0
5/21/2023 14:00,499.55,11.25,155.1,163.2632,80.8072,0,0
5/21/2023 15:00,323.5,9.91,155.1,163.2632,2.4516,0,0
5/21/2023 16:00,366.67,10.46,155,163.1579,22.066,0,0
5/21/2023 17:00,41.24,8.89,155,22.0614,0,148.5226,0
5/21/2023 18:00,1.43,7.87,154.9,0.7724,0,170.8213,0
5/21/2023 19:00,1.21,7.45,155,0.6548,0,171.0559,0
5/21/2023 20:00,1.21,7.27,154.8,0.6553,0,170.8337,0
5/21/2023 21:00,1.21,7.92,154.7,0.6535,0,147.0894,22.4537
5/21/2023 22:00,1.22,8.66,154.7,0.6567,0,0,162.1854
5/21/2023 23:00,1.21,8.47,154.7,0.6519,0,0,162.1902
5/22/2023 0:00,1.21,8.79,154.4,0.651,0,0,161.8753
5/22/2023 1:00,1.22,8.84,153.6,0.6562,0,0,161.028
5/22/2023 2:00,1.22,8.89,152.5,0.6561,0,0,159.8702
5/22/2023 3:00,1.21,9.12,151.5,0.6501,0,0,158.8236
5/22/2023 4:00,1.23,9.44,151.5,0.6599,0,0,158.8138
5/22/2023 5:00,1.23,9.44,151.4,0.6599,0,0,158.7086
5/22/2023 6:00,12.23,8.89,151,6.5675,0,0,152.3799
5/22/2023 7:00,90.47,8.75,155.6,48.1128,0,0,115.6767
5/22/2023 8:00,286.1,8.89,158.2,148.1107,0,0,18.4157
5/22/2023 9:00,556.92,9.95,153.1,161.1579,109.3761,0,0
5/22/2023 10:00,862.24,12.04,152.8,160.8421,231.9183,0,0
5/22/2023 11:00,963.72,13.89,152.6,160.6316,266.8668,0,0
5/22/2023 12:00,977.8,13.66,149.4,157.2632,275.7752,0,0
5/22/2023 13:00,907.84,13.47,157.9,166.2105,241.4934,0,0
5/22/2023 14:00,778.43,12.73,152,160,8.5702,0,0
5/22/2023 15:00,540.98,11.81,152,160,0,0,0
5/22/2023 16:00,305.59,10.83,152,156.3873,0,3.8028,0
5/22/2023 17:00,89.89,9.72,151.8,47.6031,0,118.0909,0
5/22/2023 18:00,1.27,8.33,152,0.6846,0,167.7004,0
5/22/2023 19:00,1.21,8.66,152,0.6514,0,167.7354,0
5/22/2023 20:00,1.21,8.89,151.9,0.6507,0,167.6253,0
5/22/2023 21:00,1.22,8.52,151.8,0.6571,0,167.5077,0
5/22/2023 22:00,1.2,8.15,151.9,0.6474,0,167.6288,0
5/22/2023 23:00,1.21,8.75,151.9,0.6511,0,167.6249,0
5/23/2023 0:00,1.21,8.54,157.1,0.6517,0,6.2838,158.7471
5/23/2023 1:00,1.2,8.33,155.6,0.6469,0,0,163.1426
5/23/2023 2:00,1.22,8.33,149.7,0.6577,0,0,156.9213
5/23/2023 3:00,1.23,7.87,150,0.6644,0,0,157.2303
5/23/2023 4:00,1.21,8.24,149.3,0.6526,0,0,156.5053
5/23/2023 5:00,1.21,8.33,148.7,0.6523,0,0,155.874
5/23/2023 6:00,9.44,7.92,152.1,5.0926,0,0,155.0126
5/23/2023 7:00,182.27,7.96,155.4,96.0916,0,0,67.4873
5/23/2023 8:00,401.56,8.94,150.4,158.3158,43.9388,0,0
5/23/2023 9:00,715.52,10.6,150.1,158,178.4854,0,0
5/23/2023 10:00,866.41,12.08,149.7,157.5789,236.5595,0,0
5/23/2023 11:00,927.89,13.1,149.4,157.2632,258.3346,0,0
5/23/2023 12:00,962.38,13.8,149.3,157.1579,269.8633,0,0
5/23/2023 13:00,910.81,15.83,146.7,154.4211,146.8184,0,0
5/23/2023 14:00,769.65,14.63,149,156.8421,0,0,0
5/23/2023 15:00,539.55,13.24,149,156.8421,0,0,0
5/23/2023 16:00,281.69,13.1,148.7,143.1283,0,14.1031,0
5/23/2023 17:00,34.45,11.2,148.6,18.2585,0,145.4342,0
5/23/2023 18:00,1.3,10.14,148.9,0.6953,0,164.2543,0
5/23/2023 19:00,1.21,8.43,148.8,0.652,0,164.189,0
5/23/2023 20:00,1.22,8.8,149,0.6563,0,164.4061,0
5/23/2023 21:00,1.22,8.66,148.9,0.6567,0,164.2948,0
5/23/2023 22:00,1.2,8.15,149.2,0.6474,0,164.6371,0
5/23/2023 23:00,1.2,7.82,149.2,0.6483,0,152.6814,11.357
5/24/2023 0:00,1.21,7.78,149,0.6539,0,0,156.1882
5/24/2023 1:00,1.21,7.78,151.2,0.6539,0,0,158.504
5/24/2023 2:00,1.22,8.01,154.7,0.6586,0,0,162.1835
5/24/2023 3:00,1.21,8.66,154.7,0.6514,0,0,162.1907
5/24/2023 4:00,1.21,8.56,154.6,0.6516,0,0,162.0852
5/24/2023 5:00,1.22,8.84,154.5,0.6562,0,0,161.9754
5/24/2023 6:00,14.28,8.94,146.1,7.6646,0,0,146.1249
5/24/2023 7:00,174.46,10.79,153.7,90.9101,0,0,70.8794
5/24/2023 8:00,482.6,14.72,147.2,154.9474,77.5121,0,0
5/24/2023 9:00,705.88,15.97,146.9,154.6316,169.2518,0,0
5/24/2023 10:00,852.49,15.97,146.5,154.2105,226.9451,0,0
5/24/2023 11:00,940.44,15.4,146.1,153.7895,261.53,0,0
5/24/2023 12:00,939.99,14.63,145.9,153.5789,263.1791,0,0
5/24/2023 13:00,892.27,14.26,145.7,153.3684,135.5819,0,0
5/24/2023 14:00,757.02,13.7,145.4,153.0526,0,0,0
5/24/2023 15:00,459.6,13.75,145.3,152.9474,0,0,0
5/24/2023 16:00,189.3,12.41,145.3,97.7244,0,58.1294,0
5/24/2023 17:00,39.66,10.88,145.2,21.0351,0,138.7442,0
5/24/2023 18:00,1.4,10.23,145.8,0.7485,0,160.7634,0
5/24/2023 19:00,1.22,9.68,146.1,0.6538,0,161.1954,0
5/24/2023 20:00,1.21,9.03,146.2,0.6503,0,161.3099,0
5/24/2023 21:00,1.21,8.38,146.6,0.6522,0,161.7512,0
5/24/2023 22:00,1.2,8.06,146.6,0.6477,0,161.7559,0
5/24/2023 23:00,1.21,7.92,146.6,0.6535,0,130.3505,29.8294
5/25/2023 0:00,1.21,7.73,144.8,0.654,0,0,151.767
5/25/2023 1:00,1.21,7.22,146,0.6555,0,0,153.0288
5/25/2023 2:00,1.21,7.96,147.1,0.6534,0,0,154.1888
5/25/2023 3:00,1.21,8.61,147.1,0.6515,0,0,154.1906
5/25/2023 4:00,1.22,8.66,147.1,0.6567,0,0,154.1854
5/25/2023 5:00,1.22,8.66,147.3,0.6567,0,0,154.3959
5/25/2023 6:00,13.59,9.03,147,7.292,0,0,147.4448
5/25/2023 7:00,164.67,9.77,146.6,86.3169,0,0,67.9989
5/25/2023 8:00,484.48,14.35,146.5,154.2105,79.4266,0,0
5/25/2023 9:00,705.92,16.34,146.4,154.1053,169.1847,0,0
5/25/2023 10:00,865.04,17.92,146,153.6842,228.4499,0,0
5/25/2023 11:00,948.13,17.31,148.2,156,258.232,0,0
5/25/2023 12:00,955.8,17.78,145.5,153.1579,262.726,0,0
5/25/2023 13:00,913.58,18.06,145.2,152.8421,135.9809,0,0
5/25/2023 14:00,648.92,17.69,145,152.6316,0,0,0
5/25/2023 15:00,241.27,14.72,144.7,122.3597,0,31.5327,0
5/25/2023 16:00,301.98,14.95,145.2,151.693,0,1.2096,0
5/25/2023 17:00,41.45,12.73,145.4,21.7991,0,138.1617,0
5/25/2023 18:00,1.67,11.76,140,0.8868,0,154.1912,0
5/25/2023 19:00,1.22,10.74,142.3,0.6508,0,156.9881,0
5/25/2023 20:00,1.22,10,151.6,0.6529,0,167.2906,0
5/25/2023 21:00,1.22,8.8,151.6,0.6563,0,167.287,0
5/25/2023 22:00,1.22,8.66,151.6,0.6567,0,167.2865,0
5/25/2023 23:00,1.22,8.1,151.6,0.6583,0,150.0527,16.3706
5/26/2023 0:00,1.2,8.13,151.6,0.6475,0,0,158.9315
5/26/2023 1:00,1.21,7.69,149.7,0.6541,0,0,156.9248
5/26/2023 2:00,1.21,7.13,152,0.6557,0,0,159.3443
5/26/2023 3:00,1.21,7.13,152,0.6557,0,0,159.3443
5/26/2023 4:00,1.22,6.9,150.7,0.6618,0,0,157.9698
5/26/2023 5:00,1.21,7.22,145.4,0.6555,0,0,152.3972
5/26/2023 6:00,9.15,7.96,149.8,4.9355,0,0,152.7487
5/26/2023 7:00,166.06,10.69,148.2,86.6702,0,0,69.3298
5/26/2023 8:00,507.03,16.11,147.1,154.8421,86.5843,0,0
5/26/2023 9:00,715.23,17.08,146.8,154.5263,171.3192,0,0
5/26/2023 10:00,866.35,17.41,146.8,154.5263,229.1274,0,0
5/26/2023 11:00,950.57,16.44,146.5,154.2105,262.6688,0,0
5/26/2023 12:00,963.14,15.88,146.4,154.1053,268.5728,0,0
5/26/2023 13:00,895.57,15.32,146.5,154.2105,115.7275,0,0
5/26/2023 14:00,759.11,14.81,146.3,154,0,0,0
5/26/2023 15:00,564.48,14.68,146.2,153.8947,0,0,0
5/26/2023 16:00,320.07,13.66,146.1,153.7895,0,0,0
5/26/2023 17:00,52.55,11.67,146.1,27.7265,0,132.6979,0
5/26/2023 18:00,1.25,9.44,146.2,0.6706,0,161.2886,0
5/26/2023 19:00,1.22,8.89,146.6,0.6561,0,161.7471,0
5/26/2023 20:00,1.23,9.54,147,0.6596,0,162.1866,0
5/26/2023 21:00,1.22,8.66,147.3,0.6567,0,162.522,0
5/26/2023 22:00,1.21,8.8,147.5,0.651,0,162.7497,0
5/26/2023 23:00,1.21,8.52,147.5,0.6518,0,162.7488,0
5/27/2023 0:00,1.21,7.63,153.2,0.6543,0,28.0594,133.9525
5/27/2023 1:00,1.21,6.99,153.4,0.6561,0,0,160.8176
5/27/2023 2:00,1.21,7.31,153.5,0.6552,0,0,160.9237
5/27/2023 3:00,1.2,7.78,153.5,0.6485,0,0,160.9305
5/27/2023 4:00,1.21,7.45,155.3,0.6548,0,0,162.8189
5/27/2023 5:00,1.21,7.31,153.5,0.6552,0,0,160.9237
5/27/2023 6:00,15.45,6.81,153.5,8.3686,0,0,153.2103
5/27/2023 7:00,164.18,8.8,150.3,86.44,0,0,71.7705
5/27/2023 8:00,485.9,14.17,147.8,155.5789,78.9379,0,0
5/27/2023 9:00,695.83,16.62,147.5,155.2632,163.6092,0,0
5/27/2023 10:00,853.76,15.69,147.5,155.2632,226.9626,0,0
5/27/2023 11:00,919.5,17.36,147.3,155.0526,248.5197,0,0
5/27/2023 12:00,905.97,17.36,147.1,154.8421,243.7164,0,0
5/27/2023 13:00,824.66,16.34,147.2,154.9474,172.2543,0,0
5/27/2023 14:00,716.07,14.58,146.9,154.6316,0,0,0
5/27/2023 15:00,429.48,12.55,149.4,157.2632,0,0,0
5/27/2023 16:00,251.56,11.71,149.4,129.1752,0,29.5663,0
5/27/2023 17:00,57.75,10.28,146.8,30.6376,0,130.4092,0
5/27/2023 18:00,1.24,9.17,147,0.666,0,162.1798,0
5/27/2023 19:00,1.21,9.03,147.2,0.6503,0,162.418,0
5/27/2023 20:00,1.21,7.59,147.3,0.6544,0,162.5245,0
5/27/2023 21:00,1.2,7.73,147.4,0.6486,0,162.6414,0
5/27/2023 22:00,1.21,7.5,152.3,0.6547,0,168.0643,0
5/27/2023 23:00,1.21,7.73,152.3,0.654,0,156.1966,11.275
5/28/2023 0:00,1.22,7.69,153,0.6595,0,0,160.3931
5/28/2023 1:00,1.21,8.33,153,0.6523,0,0,160.4003
5/28/2023 2:00,1.22,8.33,153.2,0.6577,0,0,160.6055
5/28/2023 3:00,1.21,8.33,153.5,0.6523,0,0,160.9266
5/28/2023 4:00,1.21,8.33,147.5,0.6523,0,0,154.6109
5/28/2023 5:00,1.21,7.82,146,0.6537,0,0,153.0305
5/28/2023 6:00,11.31,7.78,152.1,6.1037,0,0,154.0016
5/28/2023 7:00,111.65,8.47,151.7,59.2833,0,0,100.4009
5/28/2023 8:00,288.7,9.81,147.7,148.7796,0,0,6.6941
5/28/2023 9:00,398.67,9.72,150,157.8947,42.3231,0,0
5/28/2023 10:00,504.18,10.05,147.5,155.2632,91.7881,0,0
5/28/2023 11:00,499.06,10.28,147.2,154.9474,89.573,0,0
5/28/2023 12:00,600.27,9.91,147.2,154.9474,134.0177,0,0
5/28/2023 13:00,713.52,10.19,147,154.7368,181.4156,0,0
5/28/2023 14:00,492.57,10.28,146.7,154.4211,87.208,0,0
5/28/2023 15:00,268.13,9.17,146.6,138.9711,0,16.1523,0
5/28/2023 16:00,207.01,9.07,146.6,108.2334,0,48.5078,0
5/28/2023 17:00,41.66,8.06,144.1,22.3661,0,136.1243,0
5/28/2023 18:00,1.33,7.36,151.5,0.72,0,167.1091,0
5/28/2023 19:00,1.2,6.53,146.6,0.652,0,161.7514,0
5/28/2023 20:00,1.2,6.2,146.6,0.6529,0,96.6804,61.8165
5/28/2023 21:00,1.2,5.88,146.7,0.6538,0,0,153.7672
5/28/2023 22:00,1.2,5.93,146.7,0.6537,0,0,153.7674
5/28/2023 23:00,1.2,6.62,146.7,0.6517,0,0,153.7693
5/29/2023 0:00,1.2,6.71,146.5,0.6515,0,0,153.5591
5/29/2023 1:00,1.2,6.48,146.9,0.6521,0,0,153.9795
5/29/2023 2:00,1.21,6.11,146.8,0.6586,0,0,153.8677
5/29/2023 3:00,1.2,6.76,149.6,0.6513,0,0,156.8223
5/29/2023 4:00,1.21,7.31,147.1,0.6552,0,0,154.1869
5/29/2023 5:00,1.21,8.15,147.7,0.6528,0,0,154.8209
5/29/2023 6:00,16.36,8.33,152.7,8.802,0,0,151.9348
5/29/2023 7:00,81.82,8.84,152.2,43.5452,0,0,116.6653
5/29/2023 8:00,197.56,9.44,149.9,103.2524,0,0,54.5371
5/29/2023 9:00,402.57,9.91,146.3,154,47.6286,0,0
5/29/2023 10:00,425.83,10.69,146.2,153.8947,57.5286,0,0
5/29/2023 11:00,531.22,10.74,146,153.6842,104.3411,0,0
5/29/2023 12:00,375.52,10.46,145.8,153.4737,35.3171,0,0
5/29/2023 13:00,388.64,10.42,145.7,153.3684,41.4382,0,0
5/29/2023 14:00,412.07,10.6,145.4,153.0526,52.208,0,0
5/29/2023 15:00,251.47,10.19,145.3,130.0288,0,24.1248,0
5/29/2023 16:00,110.71,9.44,145.3,58.5391,0,99.3771,0
5/29/2023 17:00,43.57,8.89,145.4,23.3007,0,136.581,0
5/29/2023 18:00,1.22,8.94,145.8,0.6559,0,78.3787,78.358
5/29/2023 19:00,1.22,8.89,145.7,0.6561,0,0,152.7123
5/29/2023 20:00,1.22,8.89,145.6,0.6561,0,0,152.6071
5/29/2023 21:00,1.22,8.52,145.6,0.6571,0,0,152.606
5/29/2023 22:00,1.22,8.61,145.5,0.6569,0,0,152.501
5/29/2023 23:00,1.21,8.61,145.5,0.6515,0,0,152.5064
5/30/2023 0:00,1.22,8.03,145.5,0.6585,0,0,152.4993
5/30/2023 1:00,1.22,8.43,148.8,0.6574,0,0,155.9742
5/30/2023 2:00,1.22,8.89,151.3,0.6561,0,0,158.6071
5/30/2023 3:00,1.22,8.89,148.8,0.6561,0,0,155.9755
5/30/2023 4:00,1.22,8.89,155.9,0.6561,0,0,163.4492
5/30/2023 5:00,1.22,8.7,151,0.6566,0,0,158.2907
5/30/2023 6:00,6.49,8.89,150.7,3.4877,0,0,155.1438
5/30/2023 7:00,69.06,8.84,145,36.8164,0,0,115.8152
5/30/2023 8:00,150.67,9.35,142.2,79.2758,0,0,70.4084
5/30/2023 9:00,286.19,9.77,149.3,147.5636,0,0,9.5943
5/30/2023 10:00,492.43,9.49,144.2,151.7895,90.5146,0,0
5/30/2023 11:00,689.83,10.88,144,151.5789,173.5436,0,0
5/30/2023 12:00,773.28,11.9,143.8,151.3684,206.0747,0,0
5/30/2023 13:00,438.25,12.13,143.6,151.1579,64.2972,0,0
5/30/2023 14:00,320.53,10.79,143.4,150.9474,12.1392,0,0
5/30/2023 15:00,231.88,10.51,143.3,120.0452,0,32.4178,0
5/30/2023 16:00,119.4,9.49,143.3,63.0469,0,92.416,0
5/30/2023 17:00,16.18,8.89,143.2,8.6841,0,149.5292,0
5/30/2023 18:00,1.23,8.89,143.4,0.6615,0,158.1957,0
5/30/2023 19:00,1.22,8.7,143.2,0.6566,0,114.0106,41.7702
5/30/2023 20:00,1.22,7.13,143.3,0.6611,0,0,150.181
5/30/2023 21:00,1.21,6.85,143.4,0.6565,0,0,150.2909
5/30/2023 22:00,1.21,7.87,143.2,0.6536,0,0,150.0832
5/30/2023 23:00,1.22,8.15,143.2,0.6582,0,0,150.0786
5/31/2023 0:00,1.22,7.78,143.3,0.6593,0,0,150.1828
5/31/2023 1:00,1.23,8.33,145.5,0.6631,0,0,152.4948
5/31/2023 2:00,1.22,8.19,149.7,0.6581,0,0,156.9209
5/31/2023 3:00,1.24,8.19,149.8,0.6689,0,0,157.0153
5/31/2023 4:00,1.22,8.06,149.8,0.6585,0,0,157.0257
5/31/2023 5:00,1.22,8.01,149.7,0.6586,0,0,156.9203
5/31/2023 6:00,14.39,9.12,147.6,7.7174,0,0,147.651
5/31/2023 7:00,107.58,9.72,143.4,56.8371,0,0,94.1103
5/31/2023 8:00,298.17,10.23,143,150.5263,2.5082,0,0
5/31/2023 9:00,635.3,11.71,142.7,150.2105,150.8853,0,0
5/31/2023 10:00,751.2,12.13,142.2,149.6842,198.4096,0,0
5/31/2023 11:00,701.7,11.9,142.1,149.5789,178.7519,0,0
5/31/2023 12:00,449.98,11.39,141.6,149.0526,72.2516,0,0
5/31/2023 13:00,587.73,11.57,108.4,114.1053,165.2584,0,0
5/31/2023 14:00,439.77,11.2,0.9,0.9474,208.5866,0,0
5/31/2023 15:00,484.58,11.85,1.2,1.2632,157.3484,0,0
5/31/2023 16:00,154.9,9.58,77.7,81.3715,0,0.4399,0
5/31/2023 17:00,23.61,8.33,158.6,12.6906,0,162.3755,0
5/31/2023 18:00,1.27,8.15,158.6,0.6852,0,175.0128,0
5/31/2023 19:00,1.23,7.87,158.6,0.6644,0,175.0347,0
5/31/2023 20:00,1.27,8.15,158.5,0.6852,0,174.902,0
5/31/2023 21:00,1.27,7.41,158.6,0.6874,0,175.0105,0
5/31/2023 22:00,1.23,7.45,158.5,0.6656,0,174.9226,0
5/31/2023 23:00,1.26,8.24,158.5,0.6795,0,96.3018,74.6758
